"effect","group","term","estimate","std.error","statistic","df","p.value"
"fixed",NA,"(Intercept)",3.66666666666666,0.523520843972877,7.00385993963715,24.0000000001334,3.05318817226096e-07
"fixed",NA,"App_ID2",-1.66666666666666,0.740370277731452,-2.25112584445374,24.0000000001319,0.0338073398651334
"fixed",NA,"App_ID3",2.58350591546998e-15,0.740370277731452,3.48947816136816e-15,24.0000000001334,0.999999999999997
"fixed",NA,"App_ID4",-1.33333333333333,0.740370277731452,-1.80090067556299,24.0000000001334,0.0842988974332496
"fixed",NA,"App_ID5",-1.66666666666666,0.740370277731452,-2.25112584445374,24.0000000001334,0.0338073398651327
"fixed",NA,"App_ID6",-0.533333333333331,0.573488351136175,-0.929981109950551,24.0000000000841,0.361641307031019
"ran_pars","User_ID","sd__(Intercept)",0,NA,NA,NA,NA
"ran_pars","Residual","sd__Observation",0.906764700582363,NA,NA,NA,NA
